{"timestamp": "2025-07-21 23:09:06.154866", "black_hole": {"exists": true, "x": 441, "y": 696, "radius": 20}, "planets": [[65, 1366.1824639360866, true], [95, 1028.2089406966666, true], [130, 966.1374932680163, true], [165, 822.4431737939736, true], [335, 493.44770845217636, false], [395, 489.06206137782516, false], [520, 486.9697172423907, false], [658, 492.83638896542914, false]], "sun": {"active": true, "x": 749.130153641881, "y": 525.4406834813283}}